1	10,027	0,02685
2	10,054	0,0268
3	10,08	0,02675
4	10,107	0,0267
5	10,134	0,02665
6	10,16	0,02661
7	10,187	0,02656
8	10,213	0,02652
9	10,24	0,02647
10	10,266	0,02643
11	10,293	0,02639
12	10,319	0,02634
13	10,345	0,0263
14	10,372	0,02626
15	10,398	0,02622
16	10,424	0,02618
17	10,45	0,02614
18	10,476	0,0261
19	10,502	0,02606
20	10,528	0,02602
21	10,554	0,02598
22	10,58	0,02594
23	10,606	0,02591
24	10,632	0,02587
25	10,658	0,02583
26	10,684	0,0258
27	10,709	0,02576
28	10,735	0,02573
29	10,761	0,02569
30	10,787	0,02566
31	10,812	0,02562
32	10,838	0,02559
33	10,863	0,02556
34	10,889	0,02552
35	10,914	0,02549
36	10,94	0,02546
37	10,965	0,02543
38	10,991	0,0254
39	11,016	0,02536
40	11,041	0,02533
41	11,067	0,0253
42	11,092	0,02527
43	11,117	0,02524
44	11,142	0,02521
45	11,167	0,02518
46	11,193	0,02515
47	11,218	0,02512
48	11,243	0,02509
49	11,268	0,02506
50	11,293	0,02503
51	11,318	0,02501
52	11,343	0,02498
53	11,368	0,02495
54	11,393	0,02492
55	11,418	0,02489
56	11,443	0,02486
57	11,467	0,02484
58	11,492	0,02481
59	11,517	0,02478
60	11,542	0,02476
61	11,566	0,02473
62	11,591	0,0247
63	11,616	0,02468
64	11,641	0,02465
65	11,665	0,02462
66	11,69	0,0246
67	11,714	0,02457
68	11,739	0,02454
69	11,763	0,02452
70	11,788	0,02449
71	11,812	0,02447
72	11,837	0,02444
73	11,861	0,02442
74	11,886	0,02439
75	11,91	0,02437
76	11,934	0,02434
77	11,959	0,02432
78	11,983	0,02429
79	12,007	0,02427
80	12,031	0,02424
81	12,056	0,02422
82	12,08	0,02419
83	12,104	0,02417
84	12,128	0,02414
85	12,152	0,02412
86	12,176	0,0241
87	12,2	0,02407
88	12,224	0,02405
89	12,248	0,02402
90	12,272	0,024
91	12,296	0,02398
92	12,32	0,02395
93	12,344	0,02393
94	12,368	0,0239
95	12,392	0,02388
96	12,416	0,02386
97	12,44	0,02383
98	12,464	0,02381
99	12,487	0,02379
100	12,511	0,02376
101	12,535	0,02374
102	12,559	0,02372
103	12,582	0,02369
104	12,606	0,02367
105	12,63	0,02365
106	12,653	0,02362
107	12,677	0,0236
108	12,7	0,02357
109	12,724	0,02355
110	12,748	0,02353
111	12,771	0,0235
112	12,794	0,02348
113	12,818	0,02346
114	12,841	0,02343
115	12,865	0,02341
116	12,888	0,02339
117	12,912	0,02336
118	12,935	0,02334
119	12,958	0,02332
120	12,981	0,02329
121	13,005	0,02327
122	13,028	0,02325
123	13,051	0,02322
124	13,074	0,0232
125	13,098	0,02317
126	13,121	0,02315
127	13,144	0,02313
128	13,167	0,0231
129	13,19	0,02308
130	13,213	0,02306
131	13,236	0,02303
132	13,259	0,02301
133	13,282	0,02298
134	13,305	0,02296
135	13,328	0,02294
136	13,351	0,02291
137	13,374	0,02289
138	13,397	0,02286
139	13,42	0,02284
140	13,442	0,02281
141	13,465	0,02279
142	13,488	0,02276
143	13,511	0,02274
144	13,533	0,02271
145	13,556	0,02269
146	13,579	0,02266
147	13,601	0,02264
148	13,624	0,02261
149	13,647	0,02259
150	13,669	0,02256
151	13,692	0,02254
152	13,714	0,02251
153	13,737	0,02249
154	13,759	0,02246
155	13,782	0,02244
156	13,804	0,02241
157	13,826	0,02238
158	13,849	0,02236
159	13,871	0,02233
160	13,893	0,0223
161	13,916	0,02228
162	13,938	0,02225
163	13,96	0,02222
164	13,982	0,0222
165	14,004	0,02217
166	14,027	0,02214
167	14,049	0,02211
168	14,071	0,02209
169	14,093	0,02206
170	14,115	0,02203
171	14,137	0,022
172	14,159	0,02198
173	14,181	0,02195
174	14,203	0,02192
175	14,225	0,02189
176	14,246	0,02186
177	14,268	0,02183
178	14,29	0,0218
179	14,312	0,02177
180	14,334	0,02174
181	14,355	0,02171
182	14,377	0,02168
183	14,399	0,02165
184	14,42	0,02162
185	14,442	0,02159
186	14,463	0,02156
187	14,485	0,02153
188	14,506	0,0215
189	14,528	0,02147
190	14,549	0,02144
191	14,571	0,0214
192	14,592	0,02137
193	14,613	0,02134
194	14,635	0,02131
195	14,656	0,02127
196	14,677	0,02124
197	14,699	0,02121
198	14,72	0,02117
199	14,741	0,02114
200	14,762	0,0211
201	14,783	0,02107
202	14,804	0,02103
203	14,825	0,021
204	14,846	0,02096
205	14,867	0,02093
206	14,888	0,02089
207	14,909	0,02085
208	14,929	0,02082
209	14,95	0,02078
210	14,971	0,02074
211	14,992	0,02071
212	15,012	0,02067
213	15,033	0,02065
214	15,054	0,02065
215	15,074	0,02065
216	15,095	0,02065
217	15,116	0,02065
218	15,136	0,02065
219	15,157	0,02065
220	15,178	0,02065
221	15,198	0,02065
222	15,219	0,02065
223	15,24	0,02065
224	15,26	0,02065
225	15,281	0,02065
226	15,302	0,02065
227	15,322	0,02065
228	15,343	0,02065
229	15,363	0,02065
230	15,384	0,02065
231	15,405	0,02065
232	15,425	0,02065
233	15,446	0,02065
234	15,467	0,02065
235	15,487	0,02065
236	15,508	0,02065
237	15,529	0,02065
238	15,549	0,02065
239	15,57	0,02065
240	15,591	0,02065
241	15,611	0,02065
242	15,632	0,02065
243	15,653	0,02065
244	15,673	0,02065
245	15,694	0,02065
246	15,715	0,02065
247	15,735	0,02065
248	15,756	0,02065
249	15,777	0,02065
250	15,797	0,02065
251	15,818	0,02065
252	15,838	0,02065
253	15,859	0,02065
254	15,88	0,02065
255	15,9	0,02065
256	15,921	0,02065
257	15,942	0,02065
258	15,962	0,02065
259	15,983	0,02065
260	16,004	0,02065
261	16,024	0,02065
262	16,045	0,02065
263	16,066	0,02065
264	16,086	0,02065
265	16,107	0,02065
266	16,128	0,02065
267	16,148	0,02065
268	16,169	0,02065
269	16,19	0,02065
270	16,21	0,02065
271	16,231	0,02065
272	16,252	0,02065
273	16,272	0,02065
274	16,293	0,02065
275	16,313	0,02065
276	16,334	0,02065
277	16,355	0,02065
278	16,375	0,02065
279	16,396	0,02065
280	16,417	0,02065
281	16,437	0,02065
282	16,458	0,02065
283	16,479	0,02065
284	16,499	0,02065
285	16,52	0,02065
286	16,541	0,02065
287	16,561	0,02065
288	16,582	0,02065
289	16,603	0,02065
290	16,623	0,02065
291	16,644	0,02065
292	16,665	0,02065
293	16,685	0,02065
294	16,706	0,02065
295	16,727	0,02065
296	16,747	0,02065
297	16,768	0,02065
298	16,788	0,02065
299	16,809	0,02065
300	16,83	0,02065
301	16,85	0,02065
302	16,871	0,02065
303	16,892	0,02065
304	16,912	0,02065
305	16,933	0,02065
306	16,954	0,02065
307	16,974	0,02065
308	16,995	0,02065
309	17,016	0,02065
310	17,036	0,02065
311	17,057	0,02065
312	17,078	0,02065
313	17,098	0,02065
314	17,119	0,02065
315	17,14	0,02065
316	17,16	0,02065
317	17,181	0,02065
318	17,202	0,02065
319	17,222	0,02065
320	17,243	0,02065
321	17,263	0,02065
322	17,284	0,02065
323	17,305	0,02065
324	17,325	0,02065
325	17,346	0,02065
326	17,367	0,02065
327	17,387	0,02065
328	17,408	0,02065
329	17,429	0,02065
330	17,449	0,02065
331	17,47	0,02065
332	17,491	0,02065
333	17,511	0,02065
334	17,532	0,02065
335	17,553	0,02065
336	17,573	0,02065
337	17,594	0,02065
338	17,615	0,02065
339	17,635	0,02065
340	17,656	0,02065
341	17,677	0,02065
342	17,697	0,02065
343	17,718	0,02065
344	17,738	0,02065
345	17,759	0,02065
346	17,78	0,02065
347	17,8	0,02065
348	17,821	0,02065
349	17,842	0,02065
350	17,862	0,02065
351	17,883	0,02065
352	17,904	0,02065
353	17,924	0,02065
354	17,945	0,02065
355	17,966	0,02065
356	17,986	0,02065
357	18,007	0,02065
358	18,028	0,02065
359	18,048	0,02065
360	18,069	0,02065
361	18,09	0,02065
362	18,11	0,02065
363	18,131	0,02065
364	18,152	0,02065
365	18,172	0,02065
366	18,193	0,02065
367	18,213	0,02065
368	18,234	0,02065
369	18,255	0,02065
370	18,275	0,02065
371	18,296	0,02065
372	18,317	0,02065
373	18,337	0,02065
374	18,358	0,02065
375	18,379	0,02065
376	18,399	0,02065
377	18,42	0,02065
378	18,441	0,02065
379	18,461	0,02065
380	18,482	0,02065
381	18,503	0,02065
382	18,523	0,02065
383	18,544	0,02065
384	18,565	0,02065
385	18,585	0,02065
386	18,606	0,02065
387	18,627	0,02065
388	18,647	0,02065
389	18,668	0,02065
390	18,688	0,02065
391	18,709	0,02065
392	18,73	0,02065
393	18,75	0,02065
394	18,771	0,02065
395	18,792	0,02065
396	18,812	0,02065
397	18,833	0,02065
398	18,854	0,02065
399	18,874	0,02065
400	18,895	0,02065
401	18,916	0,02065
402	18,936	0,02065
403	18,957	0,02065
404	18,978	0,02065
405	18,998	0,02065
406	19,019	0,02065
407	19,04	0,02065
408	19,06	0,02065
409	19,081	0,02065
410	19,102	0,02065
411	19,122	0,02065
412	19,143	0,02065
413	19,163	0,02065
414	19,184	0,02065
415	19,205	0,02065
416	19,225	0,02065
417	19,246	0,02065
418	19,267	0,02065
419	19,287	0,02065
420	19,308	0,02065
421	19,329	0,02065
422	19,349	0,02065
423	19,37	0,02065
424	19,391	0,02065
425	19,411	0,02065
426	19,432	0,02065
427	19,453	0,02065
428	19,473	0,02065
429	19,494	0,02065
430	19,515	0,02065
431	19,535	0,02065
432	19,556	0,02065
433	19,577	0,02065
434	19,597	0,02065
435	19,618	0,02065
436	19,638	0,02065
437	19,659	0,02065
438	19,68	0,02065
439	19,7	0,02065
440	19,721	0,02065
441	19,742	0,02065
442	19,762	0,02065
443	19,783	0,02065
444	19,804	0,02065
445	19,824	0,02065
446	19,845	0,02065
447	19,866	0,02065
448	19,886	0,02065
449	19,907	0,02065
450	19,928	0,02065
451	19,948	0,02065
452	19,969	0,02065
453	19,99	0,02065
454	20,01	0,02065
455	20,031	0,02059
456	20,051	0,02046
457	20,072	0,02034
458	20,092	0,02022
459	20,112	0,0201
460	20,132	0,01999
461	20,152	0,01988
462	20,172	0,01978
463	20,191	0,01967
464	20,211	0,01957
465	20,23	0,01947
466	20,25	0,01937
467	20,269	0,01928
468	20,288	0,01919
469	20,307	0,0191
470	20,326	0,01901
471	20,345	0,01892
472	20,364	0,01884
473	20,383	0,01875
474	20,401	0,01867
475	20,42	0,0186
476	20,439	0,01852
477	20,457	0,01844
478	20,475	0,01837
479	20,494	0,01829
480	20,512	0,01822
481	20,53	0,01815
482	20,548	0,01808
483	20,566	0,01802
484	20,584	0,01795
485	20,602	0,01789
486	20,62	0,01782
487	20,638	0,01776
488	20,655	0,0177
489	20,673	0,01764
490	20,69	0,01758
491	20,708	0,01752
492	20,725	0,01746
493	20,743	0,01741
494	20,76	0,01735
495	20,778	0,0173
496	20,795	0,01724
497	20,812	0,01719
498	20,829	0,01714
499	20,846	0,01709
500	20,863	0,01704
501	20,88	0,01699
502	20,897	0,01694
503	20,914	0,01689
504	20,931	0,01684
505	20,948	0,0168
506	20,964	0,01675
507	20,981	0,0167
508	20,998	0,01666
509	21,014	0,01661
510	21,031	0,01657
511	21,047	0,01653
512	21,064	0,01649
513	21,08	0,01644
514	21,097	0,0164
515	21,113	0,01636
516	21,13	0,01632
517	21,146	0,01628
518	21,162	0,01624
519	21,178	0,0162
520	21,194	0,01617
521	21,211	0,01613
522	21,227	0,01609
523	21,243	0,01605
524	21,259	0,01602
525	21,275	0,01598
526	21,291	0,01595
527	21,307	0,01591
528	21,322	0,01588
529	21,338	0,01584
530	21,354	0,01581
531	21,37	0,01577
532	21,386	0,01574
533	21,401	0,01571
534	21,417	0,01568
535	21,433	0,01564
536	21,448	0,01561
537	21,464	0,01558
538	21,479	0,01555
539	21,495	0,01552
540	21,51	0,01549
541	21,526	0,01546
542	21,541	0,01543
543	21,557	0,0154
544	21,572	0,01537
545	21,587	0,01534
546	21,603	0,01531
547	21,618	0,01528
548	21,633	0,01525
549	21,648	0,01523
550	21,664	0,0152
551	21,679	0,01517
552	21,694	0,01514
553	21,709	0,01512
554	21,724	0,01509
555	21,739	0,01506
556	21,754	0,01504
557	21,769	0,01501
558	21,784	0,01499
559	21,799	0,01496
560	21,814	0,01494
561	21,829	0,01491
562	21,844	0,01489
563	21,859	0,01486
564	21,874	0,01484
565	21,888	0,01481
566	21,903	0,01479
567	21,918	0,01476
568	21,933	0,01474
569	21,947	0,01472
570	21,962	0,01469
571	21,977	0,01467
572	21,991	0,01465
573	22,006	0,01462
574	22,021	0,0146
575	22,035	0,01458
576	22,05	0,01456
577	22,064	0,01453
578	22,079	0,01451
579	22,093	0,01449
580	22,108	0,01447
581	22,122	0,01445
582	22,137	0,01442
583	22,151	0,0144
584	22,165	0,01438
585	22,18	0,01436
586	22,194	0,01434
587	22,208	0,01432
588	22,223	0,0143
589	22,237	0,01427
590	22,251	0,01425
591	22,266	0,01423
592	22,28	0,01421
593	22,294	0,01419
594	22,308	0,01417
595	22,322	0,01415
596	22,336	0,01413
597	22,351	0,01411
598	22,365	0,01409
599	22,379	0,01407
600	22,393	0,01405
601	22,407	0,01403
602	22,421	0,01401
603	22,435	0,01399
604	22,449	0,01397
605	22,463	0,01395
606	22,477	0,01393
607	22,491	0,01391
608	22,504	0,01389
609	22,518	0,01387
610	22,532	0,01385
611	22,546	0,01383
612	22,56	0,01381
613	22,574	0,01379
614	22,587	0,01378
615	22,601	0,01376
616	22,615	0,01374
617	22,629	0,01372
618	22,642	0,0137
619	22,656	0,01368
620	22,67	0,01366
621	22,683	0,01364
622	22,697	0,01362
623	22,71	0,0136
624	22,724	0,01359
625	22,738	0,01357
626	22,751	0,01355
627	22,765	0,01353
628	22,778	0,01351
629	22,792	0,01349
630	22,805	0,01347
631	22,819	0,01346
632	22,832	0,01344
633	22,845	0,01342
634	22,859	0,0134
635	22,872	0,01338
636	22,886	0,01336
637	22,899	0,01335
638	22,912	0,01333
639	22,926	0,01331
640	22,939	0,01329
641	22,952	0,01327
642	22,965	0,01325
643	22,979	0,01324
644	22,992	0,01322
645	23,005	0,0132
646	23,018	0,01318
647	23,031	0,01316
648	23,045	0,01314
649	23,058	0,01313
650	23,071	0,01311
651	23,084	0,01309
652	23,097	0,01307
653	23,11	0,01305
654	23,123	0,01304
655	23,136	0,01302
656	23,149	0,013
657	23,162	0,01298
658	23,175	0,01296
659	23,188	0,01295
660	23,201	0,01293
661	23,214	0,01291
662	23,227	0,01289
663	23,24	0,01287
664	23,252	0,01286
665	23,265	0,01284
666	23,278	0,01282
667	23,291	0,0128
668	23,304	0,01278
669	23,316	0,01277
670	23,329	0,01275
671	23,342	0,01273
672	23,355	0,01271
673	23,367	0,0127
674	23,38	0,01268
675	23,393	0,01266
676	23,405	0,01264
677	23,418	0,01263
678	23,431	0,01261
679	23,443	0,01259
680	23,456	0,01257
681	23,468	0,01256
682	23,481	0,01254
683	23,493	0,01252
684	23,506	0,01251
685	23,518	0,01249
686	23,531	0,01247
687	23,543	0,01245
688	23,556	0,01244
689	23,568	0,01242
690	23,581	0,0124
691	23,593	0,01239
692	23,605	0,01237
693	23,618	0,01235
694	23,63	0,01234
695	23,642	0,01232
696	23,655	0,0123
697	23,667	0,01228
698	23,679	0,01227
699	23,691	0,01225
700	23,704	0,01223
701	23,716	0,01222
702	23,728	0,0122
703	23,74	0,01218
704	23,752	0,01217
705	23,765	0,01215
706	23,777	0,01213
707	23,789	0,01212
708	23,801	0,0121
709	23,813	0,01208
710	23,825	0,01207
711	23,837	0,01205
712	23,849	0,01203
713	23,861	0,01202
714	23,873	0,012
715	23,885	0,01198
716	23,897	0,01197
717	23,909	0,01195
718	23,921	0,01193
719	23,933	0,01192
720	23,945	0,0119
721	23,957	0,01188
722	23,969	0,01187
723	23,98	0,01185
724	23,992	0,01183
725	24,004	0,01182
726	24,016	0,0118
727	24,028	0,01178
728	24,039	0,01177
729	24,051	0,01175
730	24,063	0,01173
731	24,075	0,01172
732	24,086	0,0117
733	24,098	0,01169
734	24,11	0,01167
735	24,121	0,01165
736	24,133	0,01164
737	24,145	0,01162
738	24,156	0,0116
739	24,168	0,01159
740	24,179	0,01157
741	24,191	0,01155
742	24,202	0,01154
743	24,214	0,01152
744	24,225	0,01151
745	24,237	0,01149
746	24,248	0,01147
747	24,26	0,01146
748	24,271	0,01144
749	24,283	0,01142
750	24,294	0,01141
751	24,306	0,01139
752	24,317	0,01137
753	24,328	0,01136
754	24,34	0,01134
755	24,351	0,01133
756	24,362	0,01131
757	24,374	0,01129
758	24,385	0,01128
759	24,396	0,01126
760	24,407	0,01124
761	24,419	0,01123
762	24,43	0,01121
763	24,441	0,0112
764	24,452	0,01118
765	24,463	0,01116
766	24,474	0,01115
767	24,486	0,01113
768	24,497	0,01111
769	24,508	0,0111
770	24,519	0,01108
771	24,53	0,01106
772	24,541	0,01105
773	24,552	0,01103
774	24,563	0,01102
775	24,574	0,011
776	24,585	0,01098
777	24,596	0,01097
778	24,607	0,01095
779	24,618	0,01093
780	24,629	0,01092
781	24,64	0,0109
782	24,651	0,01089
783	24,661	0,01087
784	24,672	0,01085
785	24,683	0,01084
786	24,694	0,01082
787	24,705	0,0108
788	24,716	0,01079
789	24,726	0,01077
790	24,737	0,01075
791	24,748	0,01074
792	24,758	0,01072
793	24,769	0,01071
794	24,78	0,01069
795	24,791	0,01067
796	24,801	0,01066
797	24,812	0,01064
798	24,822	0,01062
799	24,833	0,01061
800	24,844	0,01059
801	24,854	0,01057
802	24,865	0,01056
803	24,875	0,01054
804	24,886	0,01052
805	24,896	0,01051
806	24,907	0,01049
807	24,917	0,01047
808	24,928	0,01046
809	24,938	0,01044
810	24,949	0,01042
811	24,959	0,01041
812	24,969	0,01039
813	24,98	0,01038
814	24,99	0,01036
815	25,001	0,01034
816	25,011	0,01033
817	25,021	0,01033
818	25,032	0,01033
819	25,042	0,01033
820	25,052	0,01033
821	25,062	0,01033
822	25,073	0,01033
823	25,083	0,01033
824	25,093	0,01033
825	25,104	0,01033
826	25,114	0,01033
827	25,124	0,01033
828	25,135	0,01033
829	25,145	0,01033
830	25,155	0,01033
831	25,166	0,01033
832	25,176	0,01033
833	25,186	0,01033
834	25,197	0,01033
835	25,207	0,01033
836	25,217	0,01033
837	25,228	0,01033
838	25,238	0,01033
839	25,248	0,01033
840	25,259	0,01033
841	25,269	0,01033
842	25,279	0,01033
843	25,29	0,01033
844	25,3	0,01033
845	25,31	0,01033
846	25,321	0,01033
847	25,331	0,01033
848	25,341	0,01033
849	25,352	0,01033
850	25,362	0,01033
851	25,372	0,01033
852	25,383	0,01033
853	25,393	0,01033
854	25,403	0,01033
855	25,414	0,01033
856	25,424	0,01033
857	25,434	0,01033
858	25,445	0,01033
859	25,455	0,01033
860	25,465	0,01033
861	25,476	0,01033
862	25,486	0,01033
863	25,496	0,01033
864	25,507	0,01033
865	25,517	0,01033
866	25,527	0,01033
867	25,537	0,01033
868	25,548	0,01033
869	25,558	0,01033
870	25,568	0,01033
871	25,579	0,01033
872	25,589	0,01033
873	25,599	0,01033
874	25,61	0,01033
875	25,62	0,01033
876	25,63	0,01033
877	25,641	0,01033
878	25,651	0,01033
879	25,661	0,01033
880	25,672	0,01033
881	25,682	0,01033
882	25,692	0,01033
883	25,703	0,01033
884	25,713	0,01033
885	25,723	0,01033
886	25,734	0,01033
887	25,744	0,01033
888	25,754	0,01033
889	25,765	0,01033
890	25,775	0,01033
891	25,785	0,01033
892	25,796	0,01033
893	25,806	0,01033
894	25,816	0,01033
895	25,827	0,01033
896	25,837	0,01033
897	25,847	0,01033
898	25,858	0,01033
899	25,868	0,01033
900	25,878	0,01033
901	25,889	0,01033
902	25,899	0,01033
903	25,909	0,01033
904	25,92	0,01033
905	25,93	0,01033
906	25,94	0,01033
907	25,951	0,01033
908	25,961	0,01033
909	25,971	0,01033
910	25,982	0,01033
911	25,992	0,01033
912	26,002	0,01033
913	26,012	0,01033
914	26,023	0,01033
915	26,033	0,01033
916	26,043	0,01033
917	26,054	0,01033
918	26,064	0,01033
919	26,074	0,01033
920	26,085	0,01033
921	26,095	0,01033
922	26,105	0,01033
923	26,116	0,01033
924	26,126	0,01033
925	26,136	0,01033
926	26,147	0,01033
927	26,157	0,01033
928	26,167	0,01033
929	26,178	0,01033
930	26,188	0,01033
931	26,198	0,01033
932	26,209	0,01033
933	26,219	0,01033
934	26,229	0,01033
935	26,24	0,01033
936	26,25	0,01033
937	26,26	0,01033
938	26,271	0,01033
939	26,281	0,01033
940	26,291	0,01033
941	26,302	0,01033
942	26,312	0,01033
943	26,322	0,01033
944	26,333	0,01033
945	26,343	0,01033
946	26,353	0,01033
947	26,364	0,01033
948	26,374	0,01033
949	26,384	0,01033
950	26,395	0,01033
951	26,405	0,01033
952	26,415	0,01033
953	26,426	0,01033
954	26,436	0,01033
955	26,446	0,01033
956	26,457	0,01033
957	26,467	0,01033
958	26,477	0,01033
959	26,487	0,01033
960	26,498	0,01033
961	26,508	0,01033
962	26,518	0,01033
963	26,529	0,01033
964	26,539	0,01033
965	26,549	0,01033
966	26,56	0,01033
967	26,57	0,01033
968	26,58	0,01033
969	26,591	0,01033
970	26,601	0,01033
971	26,611	0,01033
972	26,622	0,01033
973	26,632	0,01033
974	26,642	0,01033
975	26,653	0,01033
976	26,663	0,01033
977	26,673	0,01033
978	26,684	0,01033
979	26,694	0,01033
980	26,704	0,01033
981	26,715	0,01033
982	26,725	0,01033
983	26,735	0,01033
984	26,746	0,01033
985	26,756	0,01033
986	26,766	0,01033
987	26,777	0,01033
988	26,787	0,01033
989	26,797	0,01033
990	26,808	0,01033
991	26,818	0,01033
992	26,828	0,01033
993	26,839	0,01033
994	26,849	0,01033
995	26,859	0,01033
996	26,87	0,01033
997	26,88	0,01033
998	26,89	0,01033
999	26,901	0,01033
1000	26,911	0,01033
1001	26,921	0,01033
1002	26,932	0,01033
1003	26,942	0,01033
1004	26,952	0,01033
1005	26,963	0,01033
1006	26,973	0,01033
1007	26,983	0,01033
1008	26,993	0,01033
1009	27,004	0,01033
1010	27,014	0,01033
1011	27,024	0,01033
1012	27,035	0,01033
1013	27,045	0,01033
1014	27,055	0,01033
1015	27,066	0,01033
1016	27,076	0,01033
1017	27,086	0,01033
1018	27,097	0,01033
1019	27,107	0,01033
1020	27,117	0,01033
1021	27,128	0,01033
1022	27,138	0,01033
1023	27,148	0,01033
1024	27,159	0,01033
1025	27,169	0,01033
1026	27,179	0,01033
1027	27,19	0,01033
1028	27,2	0,01033
1029	27,21	0,01033
1030	27,221	0,01033
1031	27,231	0,01033
1032	27,241	0,01033
1033	27,252	0,01033
1034	27,262	0,01033
1035	27,272	0,01033
1036	27,283	0,01033
1037	27,293	0,01033
1038	27,303	0,01033
1039	27,314	0,01033
1040	27,324	0,01033
1041	27,334	0,01033
1042	27,345	0,01033
1043	27,355	0,01033
1044	27,365	0,01033
1045	27,376	0,01033
1046	27,386	0,01033
1047	27,396	0,01033
1048	27,407	0,01033
1049	27,417	0,01033
1050	27,427	0,01033
1051	27,438	0,01033
1052	27,448	0,01033
1053	27,458	0,01033
1054	27,468	0,01033
1055	27,479	0,01033
1056	27,489	0,01033
1057	27,499	0,01033
1058	27,51	0,01033
1059	27,52	0,01033
1060	27,53	0,01033
1061	27,541	0,01033
1062	27,551	0,01033
1063	27,561	0,01033
1064	27,572	0,01033
1065	27,582	0,01033
1066	27,592	0,01033
1067	27,603	0,01033
1068	27,613	0,01033
1069	27,623	0,01033
1070	27,634	0,01033
1071	27,644	0,01033
1072	27,654	0,01033
1073	27,665	0,01033
1074	27,675	0,01033
1075	27,685	0,01033
1076	27,696	0,01033
1077	27,706	0,01033
1078	27,716	0,01033
1079	27,727	0,01033
1080	27,737	0,01033
1081	27,747	0,01033
1082	27,758	0,01033
1083	27,768	0,01033
1084	27,778	0,01033
1085	27,789	0,01033
1086	27,799	0,01033
1087	27,809	0,01033
1088	27,82	0,01033
1089	27,83	0,01033
1090	27,84	0,01033
1091	27,851	0,01033
1092	27,861	0,01033
1093	27,871	0,01033
1094	27,882	0,01033
1095	27,892	0,01033
1096	27,902	0,01033
1097	27,913	0,01033
1098	27,923	0,01033
1099	27,933	0,01033
1100	27,943	0,01033
1101	27,954	0,01033
1102	27,964	0,01033
1103	27,974	0,01033
1104	27,985	0,01033
1105	27,995	0,01033
1106	28,005	0,01033
1107	28,016	0,01033
1108	28,026	0,01033
1109	28,036	0,01033
1110	28,047	0,01033
1111	28,057	0,01033
1112	28,067	0,01033
1113	28,078	0,01033
1114	28,088	0,01033
1115	28,098	0,01033
1116	28,109	0,01033
1117	28,119	0,01033
1118	28,129	0,01033
1119	28,14	0,01033
1120	28,15	0,01033
1121	28,16	0,01033
1122	28,171	0,01033
1123	28,181	0,01033
1124	28,191	0,01033
1125	28,202	0,01033
1126	28,212	0,01033
1127	28,222	0,01033
1128	28,233	0,01033
1129	28,243	0,01033
1130	28,253	0,01033
1131	28,264	0,01033
1132	28,274	0,01033
1133	28,284	0,01033
1134	28,295	0,01033
1135	28,305	0,01033
1136	28,315	0,01033
1137	28,326	0,01033
1138	28,336	0,01033
1139	28,346	0,01033
1140	28,357	0,01033
1141	28,367	0,01033
1142	28,377	0,01033
1143	28,388	0,01033
1144	28,398	0,01033
1145	28,408	0,01033
1146	28,418	0,01033
1147	28,429	0,01033
1148	28,439	0,01033
1149	28,449	0,01033
1150	28,46	0,01033
1151	28,47	0,01033
1152	28,48	0,01033
1153	28,491	0,01033
1154	28,501	0,01033
1155	28,511	0,01033
1156	28,522	0,01033
1157	28,532	0,01033
1158	28,542	0,01033
1159	28,553	0,01033
1160	28,563	0,01033
1161	28,573	0,01033
1162	28,584	0,01033
1163	28,594	0,01033
1164	28,604	0,01033
1165	28,615	0,01033
1166	28,625	0,01033
1167	28,635	0,01033
1168	28,646	0,01033
1169	28,656	0,01033
1170	28,666	0,01033
1171	28,677	0,01033
1172	28,687	0,01033
1173	28,697	0,01033
1174	28,708	0,01033
1175	28,718	0,01033
1176	28,728	0,01033
1177	28,739	0,01033
1178	28,749	0,01033
1179	28,759	0,01033
1180	28,77	0,01033
1181	28,78	0,01033
1182	28,79	0,01033
1183	28,801	0,01033
1184	28,811	0,01033
1185	28,821	0,01033
1186	28,832	0,01033
1187	28,842	0,01033
1188	28,852	0,01033
1189	28,863	0,01033
1190	28,873	0,01033
1191	28,883	0,01033
1192	28,893	0,01033
1193	28,904	0,01033
1194	28,914	0,01033
1195	28,924	0,01033
1196	28,935	0,01033
1197	28,945	0,01033
1198	28,955	0,01033
1199	28,966	0,01033
1200	28,976	0,01033
1201	28,986	0,01033
1202	28,997	0,01033
1203	29,007	0,01033
1204	29,017	0,01033
1205	29,028	0,01033
1206	29,038	0,01033
1207	29,048	0,01033
1208	29,059	0,01033
1209	29,069	0,01033
1210	29,079	0,01033
1211	29,09	0,01033
1212	29,1	0,01033
1213	29,11	0,01033
1214	29,121	0,01033
1215	29,131	0,01033
1216	29,141	0,01033
1217	29,152	0,01033
1218	29,162	0,01033
1219	29,172	0,01033
1220	29,183	0,01033
1221	29,193	0,01033
1222	29,203	0,01033
1223	29,214	0,01033
1224	29,224	0,01033
1225	29,234	0,01033
1226	29,245	0,01033
1227	29,255	0,01033
1228	29,265	0,01033
1229	29,276	0,01033
1230	29,286	0,01033
1231	29,296	0,01033
1232	29,307	0,01033
1233	29,317	0,01033
1234	29,327	0,01033
1235	29,338	0,01033
1236	29,348	0,01033
1237	29,358	0,01033
1238	29,368	0,01033
1239	29,379	0,01033
1240	29,389	0,01033
1241	29,399	0,01033
1242	29,41	0,01033
1243	29,42	0,01033
1244	29,43	0,01033
1245	29,441	0,01033
1246	29,451	0,01033
1247	29,461	0,01033
1248	29,472	0,01033
1249	29,482	0,01033
1250	29,492	0,01033
1251	29,503	0,01033
1252	29,513	0,01033
1253	29,523	0,01033
1254	29,534	0,01033
1255	29,544	0,01033
1256	29,554	0,01033
1257	29,565	0,01033
1258	29,575	0,01033
1259	29,585	0,01033
1260	29,596	0,01033
1261	29,606	0,01033
1262	29,616	0,01033
1263	29,627	0,01033
1264	29,637	0,01033
1265	29,647	0,01033
1266	29,658	0,01033
1267	29,668	0,01033
1268	29,678	0,01033
1269	29,689	0,01033
1270	29,699	0,01033
1271	29,709	0,01033
1272	29,72	0,01033
1273	29,73	0,01033
1274	29,74	0,01033
1275	29,751	0,01033
1276	29,761	0,01033
1277	29,771	0,01033
1278	29,782	0,01033
1279	29,792	0,01033
1280	29,802	0,01033
1281	29,813	0,01033
1282	29,823	0,01033
1283	29,833	0,01033
1284	29,843	0,01033
1285	29,854	0,01033
1286	29,864	0,01033
1287	29,874	0,01033
1288	29,885	0,01033
1289	29,895	0,01033
1290	29,905	0,01033
1291	29,916	0,01033
1292	29,926	0,01033
1293	29,936	0,01033
1294	29,947	0,01033
1295	29,957	0,01033
1296	29,967	0,01033
1297	29,978	0,01033
1298	29,988	0,01033
1299	29,998	0,01033
1300	30,009	0,01033
1301	30,019	0,01032
1302	30,029	0,01031
1303	30,04	0,0103
1304	30,05	0,01029
1305	30,06	0,01028
1306	30,07	0,01027
1307	30,081	0,01026
1308	30,091	0,01025
1309	30,101	0,01024
1310	30,111	0,01023
1311	30,122	0,01022
1312	30,132	0,01021
1313	30,142	0,0102
1314	30,152	0,01019
1315	30,162	0,01018
1316	30,173	0,01017
1317	30,183	0,01015
1318	30,193	0,01014
1319	30,203	0,01013
1320	30,213	0,01012
1321	30,223	0,01011
1322	30,233	0,0101
1323	30,243	0,01009
1324	30,254	0,01008
1325	30,264	0,01007
1326	30,274	0,01006
1327	30,284	0,01005
1328	30,294	0,01004
1329	30,304	0,01003
1330	30,314	0,01002
1331	30,324	0,01001
1332	30,334	0,01
1333	30,344	0,00999
1334	30,354	0,00998
1335	30,364	0,00997
1336	30,374	0,00996
1337	30,384	0,00995
1338	30,394	0,00994
1339	30,404	0,00993
1340	30,414	0,00992
1341	30,423	0,00991
1342	30,433	0,0099
1343	30,443	0,00989
1344	30,453	0,00988
1345	30,463	0,00987
1346	30,473	0,00986
1347	30,483	0,00985
1348	30,493	0,00984
1349	30,502	0,00983
1350	30,512	0,00982
1351	30,522	0,00981
1352	30,532	0,0098
1353	30,542	0,00979
1354	30,551	0,00978
1355	30,561	0,00977
1356	30,571	0,00976
1357	30,581	0,00975
1358	30,59	0,00974
1359	30,6	0,00973
1360	30,61	0,00972
1361	30,62	0,00971
1362	30,629	0,0097
1363	30,639	0,00969
1364	30,649	0,00968
1365	30,658	0,00967
1366	30,668	0,00966
1367	30,678	0,00965
1368	30,687	0,00964
1369	30,697	0,00963
1370	30,707	0,00962
1371	30,716	0,00961
1372	30,726	0,0096
1373	30,735	0,0096
1374	30,745	0,00959
1375	30,755	0,00958
1376	30,764	0,00957
1377	30,774	0,00956
1378	30,783	0,00955
1379	30,793	0,00954
1380	30,802	0,00953
1381	30,812	0,00952
1382	30,821	0,00951
1383	30,831	0,0095
1384	30,84	0,00949
1385	30,85	0,00948
1386	30,859	0,00947
1387	30,869	0,00946
1388	30,878	0,00945
1389	30,888	0,00944
1390	30,897	0,00943
1391	30,906	0,00942
1392	30,916	0,00941
1393	30,925	0,0094
1394	30,935	0,00939
1395	30,944	0,00938
1396	30,953	0,00937
1397	30,963	0,00936
1398	30,972	0,00935
1399	30,981	0,00934
1400	30,991	0,00933
1401	31	0,00932
1402	31,009	0,00931
1403	31,019	0,0093
1404	31,028	0,00929
1405	31,037	0,00928
1406	31,046	0,00927
1407	31,056	0,00926
1408	31,065	0,00925
1409	31,074	0,00924
1410	31,083	0,00923
1411	31,093	0,00922
1412	31,102	0,00921
1413	31,111	0,0092
1414	31,12	0,00919
1415	31,129	0,00918
1416	31,139	0,00917
1417	31,148	0,00916
1418	31,157	0,00915
1419	31,166	0,00914
1420	31,175	0,00913
1421	31,184	0,00912
1422	31,193	0,00911
1423	31,203	0,0091
1424	31,212	0,00909
1425	31,221	0,00908
1426	31,23	0,00907
1427	31,239	0,00906
1428	31,248	0,00905
1429	31,257	0,00904
1430	31,266	0,00903
1431	31,275	0,00902
1432	31,284	0,00901
1433	31,293	0,009
1434	31,302	0,00899
1435	31,311	0,00898
1436	31,32	0,00897
1437	31,329	0,00896
1438	31,338	0,00895
1439	31,347	0,00894
1440	31,356	0,00893
1441	31,365	0,00892
1442	31,374	0,00891
1443	31,382	0,0089
1444	31,391	0,00889
1445	31,4	0,00888
1446	31,409	0,00887
1447	31,418	0,00886
1448	31,427	0,00885
1449	31,436	0,00885
1450	31,445	0,00884
1451	31,453	0,00883
1452	31,462	0,00882
1453	31,471	0,00881
1454	31,48	0,0088
1455	31,489	0,00879
1456	31,497	0,00878
1457	31,506	0,00877
1458	31,515	0,00876
1459	31,524	0,00875
1460	31,532	0,00874
1461	31,541	0,00873
1462	31,55	0,00872
1463	31,559	0,00871
1464	31,567	0,0087
1465	31,576	0,00869
1466	31,585	0,00868
1467	31,593	0,00867
1468	31,602	0,00866
1469	31,611	0,00865
1470	31,619	0,00864
1471	31,628	0,00863
1472	31,636	0,00862
1473	31,645	0,00861
1474	31,654	0,0086
1475	31,662	0,0086
1476	31,671	0,00859
1477	31,679	0,00858
1478	31,688	0,00857
1479	31,697	0,00856
1480	31,705	0,00855
1481	31,714	0,00854
1482	31,722	0,00853
1483	31,731	0,00852
1484	31,739	0,00851
1485	31,748	0,0085
1486	31,756	0,00849
1487	31,765	0,00848
1488	31,773	0,00847
1489	31,782	0,00847
1490	31,79	0,00846
1491	31,799	0,00845
1492	31,807	0,00844
1493	31,815	0,00843
1494	31,824	0,00842
1495	31,832	0,00841
1496	31,841	0,0084
1497	31,849	0,00839
1498	31,857	0,00838
1499	31,866	0,00837
1500	31,874	0,00837
1501	31,883	0,00836
1502	31,891	0,00835
1503	31,899	0,00834
1504	31,908	0,00833
1505	31,916	0,00832
1506	31,924	0,00831
1507	31,932	0,0083
1508	31,941	0,00829
1509	31,949	0,00828
1510	31,957	0,00828
1511	31,966	0,00827
1512	31,974	0,00826
1513	31,982	0,00825
1514	31,99	0,00824
1515	31,999	0,00823
1516	32,007	0,00822
1517	32,015	0,00821
1518	32,023	0,0082
1519	32,031	0,00819
1520	32,04	0,00819
1521	32,048	0,00818
1522	32,056	0,00817
1523	32,064	0,00816
1524	32,072	0,00815
1525	32,08	0,00814
1526	32,088	0,00813
1527	32,097	0,00812
1528	32,105	0,00811
1529	32,113	0,00811
1530	32,121	0,0081
1531	32,129	0,00809
1532	32,137	0,00808
1533	32,145	0,00807
1534	32,153	0,00806
1535	32,161	0,00805
1536	32,169	0,00804
1537	32,177	0,00804
1538	32,185	0,00803
1539	32,193	0,00802
1540	32,201	0,00801
1541	32,209	0,008
1542	32,217	0,00799
1543	32,225	0,00798
1544	32,233	0,00797
1545	32,241	0,00796
1546	32,249	0,00796
1547	32,257	0,00795
1548	32,265	0,00794
1549	32,273	0,00793
1550	32,281	0,00792
1551	32,289	0,00791
1552	32,297	0,0079
1553	32,305	0,00789
1554	32,313	0,00789
1555	32,32	0,00788
1556	32,328	0,00787
1557	32,336	0,00786
1558	32,344	0,00785
1559	32,352	0,00784
1560	32,36	0,00783
1561	32,368	0,00782
1562	32,375	0,00782
1563	32,383	0,00781
1564	32,391	0,0078
1565	32,399	0,00779
1566	32,407	0,00778
1567	32,414	0,00777
1568	32,422	0,00776
1569	32,43	0,00775
1570	32,438	0,00774
1571	32,445	0,00774
1572	32,453	0,00773
1573	32,461	0,00772
1574	32,468	0,00771
1575	32,476	0,0077
1576	32,484	0,00769
1577	32,492	0,00768
1578	32,499	0,00767
1579	32,507	0,00767
1580	32,515	0,00766
1581	32,522	0,00765
1582	32,53	0,00764
1583	32,537	0,00763
1584	32,545	0,00762
1585	32,553	0,00761
1586	32,56	0,0076
1587	32,568	0,00759
1588	32,575	0,00759
1589	32,583	0,00758
1590	32,591	0,00757
1591	32,598	0,00756
1592	32,606	0,00755
1593	32,613	0,00754
1594	32,621	0,00753
1595	32,628	0,00752
1596	32,636	0,00751
1597	32,643	0,00751
1598	32,651	0,0075
1599	32,658	0,00749
1600	32,666	0,00748
1601	32,673	0,00747
1602	32,681	0,00746
1603	32,688	0,00745
1604	32,696	0,00744
1605	32,703	0,00743
1606	32,711	0,00742
1607	32,718	0,00742
1608	32,725	0,00741
1609	32,733	0,0074
1610	32,74	0,00739
1611	32,747	0,00738
1612	32,755	0,00737
1613	32,762	0,00736
1614	32,77	0,00735
1615	32,777	0,00734
1616	32,784	0,00733
1617	32,792	0,00732
1618	32,799	0,00732
1619	32,806	0,00731
1620	32,813	0,0073
1621	32,821	0,00729
1622	32,828	0,00728
1623	32,835	0,00727
1624	32,843	0,00726
1625	32,85	0,00725
1626	32,857	0,00724
1627	32,864	0,00723
1628	32,872	0,00722
1629	32,879	0,00721
1630	32,886	0,00721
1631	32,893	0,0072
1632	32,9	0,00719
1633	32,908	0,00718
1634	32,915	0,00717
1635	32,922	0,00716
1636	32,929	0,00715
1637	32,936	0,00714
1638	32,943	0,00713
1639	32,95	0,00712
1640	32,958	0,00711
1641	32,965	0,0071
1642	32,972	0,00709
1643	32,979	0,00708
1644	32,986	0,00707
1645	32,993	0,00706
1646	33	0,00706
1647	33,007	0,00705
1648	33,014	0,00704
1649	33,021	0,00703
1650	33,028	0,00702
1651	33,035	0,00701
1652	33,042	0,007
1653	33,049	0,00699
1654	33,056	0,00698
1655	33,063	0,00697
1656	33,07	0,00696
1657	33,077	0,00695
1658	33,084	0,00694
1659	33,091	0,00693
1660	33,098	0,00692
1661	33,105	0,00691
1662	33,112	0,0069
1663	33,118	0,00689
1664	33,125	0,00688
1665	33,132	0,00687
1666	33,139	0,00686
1667	33,146	0,00685
1668	33,153	0,00684
1669	33,16	0,00683
1670	33,166	0,00682
1671	33,173	0,00681
1672	33,18	0,0068
1673	33,187	0,00679
1674	33,194	0,00678
1675	33,2	0,00677
1676	33,207	0,00676
1677	33,214	0,00675
1678	33,221	0,00674
1679	33,227	0,00673
1680	33,234	0,00672
1681	33,241	0,00671
1682	33,248	0,0067
1683	33,254	0,00669
1684	33,261	0,00668
1685	33,268	0,00667
1686	33,274	0,00666
1687	33,281	0,00665
1688	33,288	0,00664
1689	33,294	0,00663
1690	33,301	0,00662
1691	33,307	0,00661
1692	33,314	0,0066
1693	33,321	0,00659
1694	33,327	0,00658
1695	33,334	0,00657
1696	33,34	0,00656
1697	33,347	0,00655
1698	33,353	0,00654
1699	33,36	0,00653
1700	33,366	0,00652
1701	33,373	0,00651
1702	33,379	0,0065
1703	33,386	0,00649
1704	33,392	0,00648
1705	33,399	0,00646
1706	33,405	0,00645
1707	33,412	0,00644
1708	33,418	0,00643
1709	33,425	0,00642
1710	33,431	0,00641
1711	33,437	0,0064
1712	33,444	0,00639
1713	33,45	0,00638
1714	33,457	0,00637
1715	33,463	0,00636
1716	33,469	0,00635
1717	33,476	0,00634
1718	33,482	0,00632
1719	33,488	0,00631
1720	33,495	0,0063
1721	33,501	0,00629
1722	33,507	0,00628
1723	33,513	0,00627
1724	33,52	0,00626
1725	33,526	0,00625
1726	33,532	0,00624
1727	33,538	0,00623
1728	33,545	0,00621
1729	33,551	0,0062
1730	33,557	0,00619
1731	33,563	0,00618
1732	33,569	0,00617
1733	33,575	0,00616
1734	33,582	0,00615
1735	33,588	0,00613
1736	33,594	0,00612
1737	33,6	0,00611
1738	33,606	0,0061
1739	33,612	0,00609
1740	33,618	0,00608
1741	33,624	0,00607
1742	33,63	0,00605
1743	33,636	0,00604
1744	33,642	0,00603
1745	33,648	0,00602
1746	33,654	0,00601
1747	33,66	0,006
1748	33,666	0,00598
1749	33,672	0,00597
1750	33,678	0,00596
1751	33,684	0,00595
1752	33,69	0,00594
1753	33,696	0,00592
1754	33,702	0,00591
1755	33,708	0,0059
1756	33,714	0,00589
1757	33,72	0,00588
1758	33,726	0,00586
1759	33,731	0,00585
1760	33,737	0,00584
1761	33,743	0,00583
1762	33,749	0,00581
1763	33,755	0,0058
1764	33,761	0,00579
1765	33,766	0,00578
1766	33,772	0,00576
1767	33,778	0,00575
1768	33,784	0,00574
1769	33,789	0,00573
1770	33,795	0,00571
1771	33,801	0,0057
1772	33,806	0,00569
1773	33,812	0,00568
1774	33,818	0,00566
1775	33,823	0,00565
1776	33,829	0,00564
1777	33,835	0,00562
1778	33,84	0,00561
1779	33,846	0,0056
1780	33,851	0,00558
1781	33,857	0,00557
1782	33,863	0,00556
1783	33,868	0,00555
1784	33,874	0,00553
1785	33,879	0,00552
1786	33,885	0,00551
1787	33,89	0,00549
1788	33,896	0,00548
1789	33,901	0,00547
1790	33,907	0,00545
1791	33,912	0,00544
1792	33,917	0,00543
1793	33,923	0,00541
1794	33,928	0,0054
1795	33,934	0,00538
1796	33,939	0,00537
1797	33,944	0,00536
1798	33,95	0,00534
1799	33,955	0,00533
1800	33,96	0,00532
1801	33,966	0,0053
1802	33,971	0,00529
1803	33,976	0,00528
1804	33,981	0,00526
1805	33,987	0,00525
1806	33,992	0,00523
1807	33,997	0,00522
1808	34,002	0,00521
1809	34,008	0,00519
1810	34,013	0,00518
1811	34,018	0,00516
1812	34,023	0,00515
1813	34,028	0,00513
1814	34,033	0,00512
1815	34,038	0,00511
1816	34,043	0,00509
1817	34,049	0,00508
1818	34,054	0,00506
1819	34,059	0,00505
1820	34,064	0,00503
1821	34,069	0,00502
1822	34,074	0,00501
1823	34,079	0,00499
1824	34,084	0,00498
1825	34,089	0,00496
1826	34,094	0,00495
1827	34,099	0,00493
1828	34,103	0,00492
1829	34,108	0,0049
1830	34,113	0,00489
1831	34,118	0,00487
1832	34,123	0,00486
1833	34,128	0,00484
1834	34,133	0,00483
1835	34,137	0,00481
1836	34,142	0,0048
1837	34,147	0,00479
1838	34,152	0,00477
1839	34,157	0,00476
1840	34,161	0,00474
1841	34,166	0,00473
1842	34,171	0,00471
1843	34,175	0,00469
1844	34,18	0,00468
1845	34,185	0,00466
1846	34,189	0,00465
1847	34,194	0,00463
1848	34,199	0,00462
1849	34,203	0,0046
1850	34,208	0,00459
1851	34,212	0,00457
1852	34,217	0,00456
1853	34,222	0,00454
1854	34,226	0,00453
1855	34,231	0,00451
1856	34,235	0,0045
1857	34,24	0,00448
1858	34,244	0,00447
1859	34,249	0,00445
1860	34,253	0,00443
1861	34,257	0,00442
1862	34,262	0,0044
1863	34,266	0,00439
1864	34,271	0,00437
1865	34,275	0,00436
1866	34,279	0,00434
1867	34,284	0,00433
1868	34,288	0,00431
1869	34,292	0,00429
1870	34,296	0,00428
1871	34,301	0,00426
1872	34,305	0,00425
1873	34,309	0,00423
1874	34,313	0,00422
1875	34,318	0,0042
1876	34,322	0,00418
1877	34,326	0,00417
1878	34,33	0,00415
1879	34,334	0,00414
1880	34,338	0,00412
1881	34,342	0,0041
1882	34,347	0,00409
1883	34,351	0,00407
1884	34,355	0,00406
1885	34,359	0,00404
1886	34,363	0,00403
1887	34,367	0,00401
1888	34,371	0,00399
1889	34,375	0,00398
1890	34,379	0,00396
1891	34,383	0,00395
1892	34,387	0,00393
1893	34,39	0,00391
1894	34,394	0,0039
1895	34,398	0,00388
1896	34,402	0,00386
1897	34,406	0,00385
1898	34,41	0,00383
1899	34,414	0,00382
1900	34,417	0,0038
1901	34,421	0,00378
1902	34,425	0,00377
1903	34,429	0,00375
1904	34,432	0,00374
1905	34,436	0,00372
1906	34,44	0,0037
1907	34,444	0,00369
1908	34,447	0,00367
1909	34,451	0,00366
1910	34,455	0,00364
1911	34,458	0,00362
1912	34,462	0,00361
1913	34,465	0,00359
1914	34,469	0,00358
1915	34,472	0,00356
1916	34,476	0,00354
1917	34,48	0,00353
1918	34,483	0,00351
1919	34,487	0,00349
1920	34,49	0,00348
1921	34,494	0,00346
1922	34,497	0,00345
1923	34,5	0,00343
1924	34,504	0,00341
1925	34,507	0,0034
1926	34,511	0,00338
1927	34,514	0,00337
1928	34,517	0,00335
1929	34,521	0,00333
1930	34,524	0,00332
1931	34,527	0,0033
1932	34,531	0,00329
1933	34,534	0,00327
1934	34,537	0,00325
1935	34,54	0,00324
1936	34,544	0,00322
1937	34,547	0,00321
1938	34,55	0,00319
1939	34,553	0,00317
1940	34,556	0,00316
1941	34,559	0,00314
1942	34,563	0,00313
1943	34,566	0,00311
1944	34,569	0,00309
1945	34,572	0,00308
1946	34,575	0,00306
1947	34,578	0,00305
1948	34,581	0,00303
1949	34,584	0,00302
1950	34,587	0,003
1951	34,59	0,00298
1952	34,593	0,00297
1953	34,596	0,00295
1954	34,599	0,00294
1955	34,602	0,00292
1956	34,605	0,00291
1957	34,608	0,00289
1958	34,61	0,00287
1959	34,613	0,00286
1960	34,616	0,00284
1961	34,619	0,00283
1962	34,622	0,00281
1963	34,625	0,0028
1964	34,627	0,00278
1965	34,63	0,00277
1966	34,633	0,00275
1967	34,636	0,00274
1968	34,638	0,00272
1969	34,641	0,00271
1970	34,644	0,00269
1971	34,646	0,00267
1972	34,649	0,00266
1973	34,652	0,00264
1974	34,654	0,00263
1975	34,657	0,00261
1976	34,659	0,0026
1977	34,662	0,00258
1978	34,665	0,00257
1979	34,667	0,00255
1980	34,67	0,00254
1981	34,672	0,00252
1982	34,675	0,00251
1983	34,677	0,00249
1984	34,68	0,00248
1985	34,682	0,00246
1986	34,685	0,00245
1987	34,687	0,00244
1988	34,69	0,00242
1989	34,692	0,00241
1990	34,694	0,00239
1991	34,697	0,00238
1992	34,699	0,00236
1993	34,701	0,00235
1994	34,704	0,00233
1995	34,706	0,00232
1996	34,708	0,0023
1997	34,711	0,00229
1998	34,713	0,00228
1999	34,715	0,00226
2000	34,717	0,00225
2001	34,72	0,00223
2002	34,722	0,00222
2003	34,724	0,00221
2004	34,726	0,00219
2005	34,728	0,00218
2006	34,731	0,00216
2007	34,733	0,00215
2008	34,735	0,00214
2009	34,737	0,00212
2010	34,739	0,00211
2011	34,741	0,00209
2012	34,743	0,00208
2013	34,745	0,00207
2014	34,747	0,00205
2015	34,749	0,00204
2016	34,752	0,00203
2017	34,754	0,00201
2018	34,756	0,002
2019	34,758	0,00199
2020	34,759	0,00197
2021	34,761	0,00196
2022	34,763	0,00195
2023	34,765	0,00193
2024	34,767	0,00192
2025	34,769	0,00191
2026	34,771	0,0019
2027	34,773	0,00188
2028	34,775	0,00187
2029	34,777	0,00186
2030	34,778	0,00184
2031	34,78	0,00183
2032	34,782	0,00182
2033	34,784	0,00181
2034	34,786	0,00179
2035	34,788	0,00178
2036	34,789	0,00177
2037	34,791	0,00176
2038	34,793	0,00174
2039	34,795	0,00173
2040	34,796	0,00172
2041	34,798	0,00171
2042	34,8	0,0017
2043	34,801	0,00168
2044	34,803	0,00167
2045	34,805	0,00166
2046	34,806	0,00165
2047	34,808	0,00164
2048	34,81	0,00162
2049	34,811	0,00161
2050	34,813	0,0016
2051	34,814	0,00159
2052	34,816	0,00158
2053	34,818	0,00157
2054	34,819	0,00155
2055	34,821	0,00154
2056	34,822	0,00153
2057	34,824	0,00152
2058	34,825	0,00151
2059	34,827	0,0015
2060	34,828	0,00149
2061	34,83	0,00148
2062	34,831	0,00146
2063	34,833	0,00145
2064	34,834	0,00144
2065	34,835	0,00143
2066	34,837	0,00142
2067	34,838	0,00141
2068	34,84	0,0014
2069	34,841	0,00139
2070	34,842	0,00138
2071	34,844	0,00137
2072	34,845	0,00136
2073	34,846	0,00135
2074	34,848	0,00134
2075	34,849	0,00133
2076	34,85	0,00132
2077	34,852	0,00131
2078	34,853	0,0013
2079	34,854	0,00129
2080	34,856	0,00128
2081	34,857	0,00127
2082	34,858	0,00126
2083	34,859	0,00125
2084	34,861	0,00124
2085	34,862	0,00123
2086	34,863	0,00122
2087	34,864	0,00121
2088	34,866	0,0012
2089	34,867	0,00119
2090	34,868	0,00118
2091	34,869	0,00117
2092	34,87	0,00116
2093	34,871	0,00115
2094	34,873	0,00114
2095	34,874	0,00113
2096	34,875	0,00113
2097	34,876	0,00112
2098	34,877	0,00111
2099	34,878	0,0011
2100	34,879	0,00109
2101	34,88	0,00108
2102	34,881	0,00107
2103	34,882	0,00106
2104	34,883	0,00105
2105	34,884	0,00105
2106	34,886	0,00104
2107	34,887	0,00103
2108	34,888	0,00102
2109	34,889	0,00101
2110	34,89	0,001
2111	34,891	0,001
2112	34,892	0,00099
2113	34,893	0,00098
2114	34,894	0,00097
2115	34,894	0,00096
2116	34,895	0,00096
2117	34,896	0,00095
2118	34,897	0,00094
2119	34,898	0,00093
2120	34,899	0,00092
2121	34,9	0,00092
2122	34,901	0,00091
